,NUM_STAT,NUM_EXECSTAT,NUM_COND,NUM_EXECCOND,NUM_MODULO,NUM_EXECMODULO,NUM_MULT,NUM_EXECMULT,NUM_DIV,NUM_EXECDIV,NUM_INVOKE,NUM_EXECINVOKE,COUNT
count,406.0,406.0,406.0,406.0,406.0,406.0,406.0,406.0,406.0,406.0,406.0,406.0,406.0
mean,1965.435960591133,218847.18226600986,173.1551724137931,14071.431034482759,0.2438423645320197,0.3866995073891626,3.9876847290640396,4138.403940886699,4.802955665024631,27.573891625615765,287.5665024630542,1459.4926108374384,1.1083743842364533
std,3086.4936323929796,807708.566454086,237.2783707900596,50323.79923251024,0.5897469763189619,1.1224842129164536,7.315624818027274,15960.762023003394,10.473745713314093,77.48649078995197,483.20699678227135,4824.633951822778,0.602938334159475
min,9.0,9.0,0.0,0.0,0.0,0.0,0.0,0.0,0.0,0.0,1.0,1.0,1.0
25%,225.0,481.0,37.0,85.25,0.0,0.0,0.0,0.0,0.0,0.0,21.0,39.0,1.0
50%,387.0,1293.0,54.0,163.0,0.0,0.0,0.0,0.0,0.0,0.0,47.0,144.5,1.0
75%,1590.0,3632.75,127.75,397.0,0.0,0.0,5.0,48.0,0.0,0.0,207.0,489.5,1.0
max,13631.0,3770199.0,1188.0,232505.0,3.0,9.0,34.0,74436.0,36.0,724.0,2103.0,79221.0,7.0
