,NUM_STAT,NUM_EXECSTAT,NUM_COND,NUM_EXECCOND,NUM_MODULO,NUM_EXECMODULO,NUM_MULT,NUM_EXECMULT,NUM_DIV,NUM_EXECDIV,NUM_INVOKE,NUM_EXECINVOKE,COUNT
count,76.0,76.0,76.0,76.0,76.0,76.0,76.0,76.0,76.0,76.0,76.0,76.0,76.0
mean,39.81578947368421,56.9078947368421,2.6315789473684212,4.276315789473684,0.0,0.0,0.02631578947368421,0.10526315789473684,0.02631578947368421,0.039473684210526314,6.881578947368421,9.25,1.105263157894737
std,120.63827038175637,184.51935238209776,6.114119408414501,10.877007779973958,0.0,0.0,0.22941573387056183,0.9176629354822473,0.16113631583445662,0.2551229493758757,14.564767630839528,22.44170225272584,0.41885390829169555
min,4.0,4.0,0.0,0.0,0.0,0.0,0.0,0.0,0.0,0.0,1.0,1.0,1.0
25%,4.0,4.0,0.0,0.0,0.0,0.0,0.0,0.0,0.0,0.0,2.0,2.0,1.0
50%,8.0,8.0,0.0,0.0,0.0,0.0,0.0,0.0,0.0,0.0,2.0,2.0,1.0
75%,24.75,28.75,2.25,2.5,0.0,0.0,0.0,0.0,0.0,0.0,6.25,6.5,1.0
max,1007.0,1495.0,39.0,63.0,0.0,0.0,2.0,8.0,1.0,2.0,115.0,166.0,4.0
