,NUM_STAT,NUM_EXECSTAT,NUM_COND,NUM_EXECCOND,NUM_MODULO,NUM_EXECMODULO,NUM_MULT,NUM_EXECMULT,NUM_DIV,NUM_EXECDIV,NUM_INVOKE,NUM_EXECINVOKE,COUNT
count,1469.0,1469.0,1469.0,1469.0,1469.0,1469.0,1469.0,1469.0,1469.0,1469.0,1469.0,1469.0,1469.0
mean,630.8638529611981,17356.334240980257,50.23281143635126,1645.4043567052418,1.3989108236895849,61.75561606535058,1.8631722260040844,50.800544588155205,2.4063989108236896,88.75289312457454,80.07692307692308,1538.8175629680054,25.614023144996597
std,656.5136154170177,355821.9823330733,54.04295129618305,33832.80207671646,1.7844007415228638,1413.301757038582,2.492700189614542,1170.446053261932,2.63004800080499,1967.111663807732,86.62943060961906,30392.40594368457,540.6961101040874
min,6.0,6.0,0.0,0.0,0.0,0.0,0.0,0.0,0.0,0.0,1.0,1.0,1.0
25%,221.0,346.0,17.0,30.0,0.0,0.0,0.0,0.0,0.0,0.0,27.0,34.0,1.0
50%,434.0,1343.0,28.0,97.0,1.0,1.0,1.0,1.0,1.0,3.0,62.0,137.0,1.0
75%,820.0,3093.0,71.0,325.0,2.0,8.0,3.0,5.0,5.0,11.0,100.0,300.0,3.0
max,7797.0,11579480.0,650.0,1083165.0,14.0,48082.0,17.0,39606.0,16.0,67108.0,1037.0,990784.0,14611.0
