,NUM_STAT,NUM_EXECSTAT,NUM_COND,NUM_EXECCOND,NUM_MODULO,NUM_EXECMODULO,NUM_MULT,NUM_EXECMULT,NUM_DIV,NUM_EXECDIV,NUM_INVOKE,NUM_EXECINVOKE,COUNT
count,80.0,80.0,80.0,80.0,80.0,80.0,80.0,80.0,80.0,80.0,80.0,80.0,80.0
mean,868.2625,4824.3625,72.275,479.3875,2.2625,21.2625,3.475,15.5375,3.7,21.9375,115.1375,475.3,1.1375
std,710.2939976748441,8745.364153846658,59.21618300020633,881.3206932772737,2.1212830485703456,67.73790587555142,3.1259428957263076,35.233378790752646,2.702085458083221,44.46797845185833,108.60679790249279,852.5387908320757,0.5452615212742217
min,5.0,5.0,0.0,0.0,0.0,0.0,0.0,0.0,0.0,0.0,1.0,1.0,1.0
25%,470.0,770.0,33.0,65.0,0.0,0.0,1.0,1.0,2.0,2.75,70.0,93.0,1.0
50%,694.0,2424.5,65.5,258.0,2.0,4.0,3.0,4.0,4.0,10.0,90.0,293.5,1.0
75%,1169.25,4467.25,85.5,424.25,4.0,14.0,6.25,16.0,6.0,22.0,147.25,403.0,1.0
max,3178.0,55131.0,249.0,5943.0,8.0,395.0,12.0,208.0,10.0,235.0,763.0,5994.0,4.0
