,NUM_STAT,NUM_EXECSTAT,NUM_COND,NUM_EXECCOND,NUM_MODULO,NUM_EXECMODULO,NUM_MULT,NUM_EXECMULT,NUM_DIV,NUM_EXECDIV,NUM_INVOKE,NUM_EXECINVOKE,COUNT
count,122.0,122.0,122.0,122.0,122.0,122.0,122.0,122.0,122.0,122.0,122.0,122.0,122.0
mean,56.4344262295082,209.95081967213116,6.885245901639344,27.057377049180328,0.09016393442622951,0.20491803278688525,0.14754098360655737,0.32786885245901637,0.11475409836065574,0.21311475409836064,9.065573770491802,27.59016393442623,6.131147540983607
std,94.26935101387491,1080.6001382187264,9.430210571701778,136.35335107758837,0.6166303842291916,1.482339699583529,0.6121649854253693,2.2395491833495527,0.5777803253156926,1.2480034183355477,12.790581313186031,127.01778063195371,13.039641289286234
min,7.0,7.0,0.0,0.0,0.0,0.0,0.0,0.0,0.0,0.0,2.0,2.0,1.0
25%,13.0,13.0,2.0,2.0,0.0,0.0,0.0,0.0,0.0,0.0,4.0,4.0,1.0
50%,26.5,27.5,3.0,3.0,0.0,0.0,0.0,0.0,0.0,0.0,5.0,5.0,3.0
75%,52.5,61.25,8.0,9.0,0.0,0.0,0.0,0.0,0.0,0.0,8.0,10.0,5.75
max,805.0,10984.0,77.0,1418.0,6.0,15.0,5.0,24.0,5.0,12.0,97.0,1201.0,95.0
