,NUM_STAT,NUM_EXECSTAT,NUM_COND,NUM_EXECCOND,NUM_MODULO,NUM_EXECMODULO,NUM_MULT,NUM_EXECMULT,NUM_DIV,NUM_EXECDIV,NUM_INVOKE,NUM_EXECINVOKE,COUNT
count,601.0,601.0,601.0,601.0,601.0,601.0,601.0,601.0,601.0,601.0,601.0,601.0,601.0
mean,222.27620632279533,313105.3577371048,24.943427620632278,45354.2928452579,0.43427620632279534,4859.279534109817,0.3527454242928453,751.9866888519135,0.519134775374376,5826.219633943428,33.36605657237937,59459.81863560732,3999.978369384359
std,190.96625421677,4755863.422083696,21.794880000399996,673179.4428096028,1.0405558691950425,84138.37828887439,0.6846142101577073,11400.024803766402,1.3366811824335643,100845.95565571789,29.73559784596224,960718.9467975751,70093.91280659018
min,7.0,7.0,1.0,1.0,0.0,0.0,0.0,0.0,0.0,0.0,2.0,2.0,1.0
25%,74.0,117.0,10.0,15.0,0.0,0.0,0.0,0.0,0.0,0.0,12.0,15.0,1.0
50%,187.0,366.0,18.0,48.0,0.0,0.0,0.0,0.0,0.0,0.0,26.0,44.0,4.0
75%,296.0,975.0,37.0,116.0,0.0,0.0,0.0,0.0,0.0,0.0,47.0,147.0,9.0
max,1316.0,83241494.0,162.0,11576174.0,9.0,1462896.0,5.0,193282.0,7.0,1754222.0,201.0,16653192.0,1695209.0
