,NUM_STAT,NUM_EXECSTAT,NUM_COND,NUM_EXECCOND,NUM_MODULO,NUM_EXECMODULO,NUM_MULT,NUM_EXECMULT,NUM_DIV,NUM_EXECDIV,NUM_INVOKE,NUM_EXECINVOKE,COUNT
count,119.0,119.0,119.0,119.0,119.0,119.0,119.0,119.0,119.0,119.0,119.0,119.0,119.0
mean,45.34453781512605,238.0672268907563,5.025210084033613,31.613445378151262,0.08403361344537816,0.18487394957983194,0.13445378151260504,0.3277310924369748,0.08403361344537816,0.15126050420168066,7.067226890756302,30.26890756302521,2.277310924369748
std,104.08490968099807,1165.8915460441249,11.720228916080144,156.01489005663754,0.5906019901126038,1.431879093434194,0.5955252595063916,2.2665932163561786,0.5138725017094258,1.132259294299922,13.993782573674311,136.2593301099664,5.849705728869717
min,4.0,4.0,0.0,0.0,0.0,0.0,0.0,0.0,0.0,0.0,1.0,1.0,1.0
25%,6.0,6.0,1.0,1.0,0.0,0.0,0.0,0.0,0.0,0.0,2.0,2.0,1.0
50%,7.0,7.0,1.0,1.0,0.0,0.0,0.0,0.0,0.0,0.0,3.0,3.0,1.0
75%,28.0,37.5,5.0,5.5,0.0,0.0,0.0,0.0,0.0,0.0,4.0,5.0,3.0
max,796.0,10975.0,84.0,1416.0,6.0,15.0,5.0,24.0,5.0,12.0,96.0,1200.0,64.0
