,NUM_STAT,NUM_EXECSTAT,NUM_COND,NUM_EXECCOND,NUM_MODULO,NUM_EXECMODULO,NUM_MULT,NUM_EXECMULT,NUM_DIV,NUM_EXECDIV,NUM_INVOKE,NUM_EXECINVOKE,COUNT
count,158.0,158.0,158.0,158.0,158.0,158.0,158.0,158.0,158.0,158.0,158.0,158.0,158.0
mean,252.18354430379748,627519.2974683545,27.531645569620252,90063.77848101266,0.34810126582278483,9307.974683544304,0.25949367088607594,1657.0,0.24050632911392406,11152.601265822785,38.879746835443036,121819.5506329114,1714.626582278481
std,275.6483229480016,6539911.974568917,30.00651115882242,940460.7066962653,0.9769784120979306,116985.41666835835,0.5434072706020104,16334.310220190713,1.0492968816400627,140071.469267981,44.517277486836036,1347017.7913949124,11748.64087842693
min,4.0,4.0,0.0,0.0,0.0,0.0,0.0,0.0,0.0,0.0,1.0,1.0,1.0
25%,34.0,94.75,6.0,12.5,0.0,0.0,0.0,0.0,0.0,0.0,4.0,9.0,1.0
50%,184.0,404.0,18.5,53.5,0.0,0.0,0.0,0.0,0.0,0.0,21.0,37.5,4.0
75%,322.5,1565.75,40.0,239.0,0.0,0.0,0.0,0.0,0.0,0.0,55.5,238.75,15.0
max,1313.0,81005286.0,162.0,11647860.0,7.0,1470485.0,2.0,195007.0,7.0,1760680.0,200.0,16816408.0,131074.0
