,NUM_STAT,NUM_EXECSTAT,NUM_COND,NUM_EXECCOND,NUM_MODULO,NUM_EXECMODULO,NUM_MULT,NUM_EXECMULT,NUM_DIV,NUM_EXECDIV,NUM_INVOKE,NUM_EXECINVOKE,COUNT
count,83.0,83.0,83.0,83.0,83.0,83.0,83.0,83.0,83.0,83.0,83.0,83.0,83.0
mean,83.03614457831326,135.15662650602408,7.469879518072289,14.542168674698795,0.0,0.0,0.25301204819277107,0.37349397590361444,0.2289156626506024,0.2891566265060241,12.927710843373495,19.40963855421687,1.5421686746987953
std,165.54812473859872,277.4193128983066,14.777485634999756,33.22844109612305,0.0,0.0,1.2958034845549609,1.6799451455438772,1.140446010364615,1.3208471088377591,19.814864543846333,32.888220199891386,1.433920132647435
min,9.0,9.0,0.0,0.0,0.0,0.0,0.0,0.0,0.0,0.0,2.0,2.0,1.0
25%,9.0,9.0,1.0,1.0,0.0,0.0,0.0,0.0,0.0,0.0,3.0,3.0,1.0
50%,22.0,22.0,1.0,1.0,0.0,0.0,0.0,0.0,0.0,0.0,3.0,3.0,1.0
75%,66.5,99.0,7.0,11.5,0.0,0.0,0.0,0.0,0.0,0.0,15.0,20.5,2.0
max,1013.0,1501.0,80.0,213.0,0.0,0.0,10.0,11.0,9.0,10.0,116.0,167.0,12.0
