,NUM_STAT,NUM_EXECSTAT,NUM_COND,NUM_EXECCOND,NUM_MODULO,NUM_EXECMODULO,NUM_MULT,NUM_EXECMULT,NUM_DIV,NUM_EXECDIV,NUM_INVOKE,NUM_EXECINVOKE,COUNT
count,498.0,498.0,498.0,498.0,498.0,498.0,498.0,498.0,498.0,498.0,498.0,498.0,498.0
mean,2209.8413654618475,182185.6887550201,190.51807228915663,11850.234939759037,0.3092369477911647,0.4979919678714859,4.210843373493976,3383.7289156626507,5.28714859437751,33.75100401606426,324.7168674698795,1629.9819277108434,1.4959839357429718
std,3227.314500672853,733290.0565320232,248.69900653158547,45681.90339429145,0.7126021548288509,1.36829432509834,7.177662287054771,14495.175950773088,10.821576344948332,87.82758311104061,503.8948883523949,4624.037488803682,1.774224101605907
min,16.0,16.0,1.0,1.0,0.0,0.0,0.0,0.0,0.0,0.0,2.0,2.0,1.0
25%,245.5,484.0,37.0,85.0,0.0,0.0,0.0,0.0,0.0,0.0,25.0,41.0,1.0
50%,459.0,1518.0,58.0,163.0,0.0,0.0,0.0,0.0,0.0,0.0,53.0,167.0,1.0
75%,2383.0,7338.75,198.0,1002.0,0.0,0.0,5.0,48.0,1.0,1.0,309.75,800.0,1.0
max,13709.0,3770204.0,1189.0,232506.0,3.0,9.0,34.0,74436.0,36.0,724.0,2112.0,79223.0,13.0
