,NUM_STAT,NUM_EXECSTAT,NUM_COND,NUM_EXECCOND,NUM_MODULO,NUM_EXECMODULO,NUM_MULT,NUM_EXECMULT,NUM_DIV,NUM_EXECDIV,NUM_INVOKE,NUM_EXECINVOKE,COUNT
count,86.0,86.0,86.0,86.0,86.0,86.0,86.0,86.0,86.0,86.0,86.0,86.0,86.0
mean,918.4186046511628,4945.790697674419,76.73255813953489,489.0581395348837,2.5348837209302326,21.569767441860463,3.813953488372093,16.162790697674417,4.011627906976744,23.651162790697676,120.81395348837209,482.40697674418607,1.5813953488372092
std,694.733422681658,8598.32526937834,57.402075063661485,862.5161325638892,2.1348518307510913,65.30391226865616,3.0505992773146056,33.996491329380135,2.645725458375148,43.52329124715814,106.07439249972656,834.4545436166773,1.5527214535932385
min,9.0,9.0,0.0,0.0,0.0,0.0,0.0,0.0,0.0,0.0,2.0,2.0,1.0
25%,491.0,797.0,37.0,69.0,1.0,1.0,1.0,1.0,2.0,3.0,75.0,98.0,1.0
50%,717.0,2509.0,67.5,264.0,2.0,4.0,3.0,5.0,4.0,10.0,91.0,298.0,1.0
75%,1309.0,5282.0,107.0,501.5,5.0,15.75,7.0,17.0,6.0,27.0,153.25,511.25,1.0
max,3241.0,57348.0,250.0,6108.0,8.0,395.0,12.0,208.0,10.0,236.0,772.0,6144.0,10.0
