,NUM_STAT,NUM_EXECSTAT,NUM_COND,NUM_EXECCOND,NUM_MODULO,NUM_EXECMODULO,NUM_MULT,NUM_EXECMULT,NUM_DIV,NUM_EXECDIV,NUM_INVOKE,NUM_EXECINVOKE,COUNT
count,2557.0,2557.0,2557.0,2557.0,2557.0,2557.0,2557.0,2557.0,2557.0,2557.0,2557.0,2557.0,2557.0
mean,911.5889714509191,42261.45482987876,73.01681658193195,3746.6190848650763,2.3046538912788423,109.05318732890106,3.0641376613218614,114.5741102854908,3.552991787250684,210.4477903793508,114.34767305436058,4085.8075870160346,33.272976143918655
std,851.1883015240555,1273221.5000416476,69.88631579166487,107700.13940324172,2.2740347845551736,2551.5006455257576,3.3183631813386802,3287.1358457701426,3.0739496604841694,6225.4158052668545,111.18613219828217,128266.77198597616,736.289526881514
min,9.0,9.0,0.0,0.0,0.0,0.0,0.0,0.0,0.0,0.0,2.0,2.0,1.0
25%,308.0,530.0,22.0,44.0,0.0,0.0,0.0,0.0,1.0,1.0,39.0,59.0,1.0
50%,720.0,2194.0,64.0,226.0,2.0,5.0,3.0,4.0,3.0,9.0,88.0,224.0,1.0
75%,1223.0,5714.0,91.0,535.0,4.0,22.0,4.0,17.0,6.0,29.0,154.0,515.0,3.0
max,7814.0,61862106.0,651.0,5177725.0,14.0,106853.0,23.0,155141.0,16.0,298276.0,1041.0,6304793.0,29181.0
