,NUM_STAT,NUM_EXECSTAT,NUM_COND,NUM_EXECCOND,NUM_MODULO,NUM_EXECMODULO,NUM_MULT,NUM_EXECMULT,NUM_DIV,NUM_EXECDIV,NUM_INVOKE,NUM_EXECINVOKE,COUNT
count,134.0,134.0,134.0,134.0,134.0,134.0,134.0,134.0,134.0,134.0,134.0,134.0,134.0
mean,564.9029850746268,-6797288.447761194,31.23134328358209,-13194263.432835821,0.09701492537313433,5.619402985074627,13.305970149253731,5980021.955223881,2.6865671641791047,866.9701492537314,44.93283582089552,-14771378.276119404,78.15671641791045
std,750.670155425578,80975164.30815175,37.68566353105657,152930745.36540255,0.546615051762346,43.68716450512709,22.214344621133225,69106932.17147775,4.374254669827499,8713.995602046492,65.3955228010601,171068053.02149904,436.7884478642187
min,7.0,-936960615.0,0.0,-1770283762.0,0.0,0.0,0.0,0.0,0.0,0.0,1.0,-1980249162.0,1.0
25%,70.5,69.0,4.25,5.25,0.0,0.0,0.0,0.0,0.0,0.0,7.0,7.0,1.0
50%,299.0,837.0,21.5,39.5,0.0,0.0,2.0,7.0,1.0,1.0,22.0,30.5,1.0
75%,792.25,6292.0,40.0,336.0,0.0,0.0,26.75,134.75,4.0,10.5,62.0,246.75,4.0
max,3706.0,18657230.0,256.0,1422154.0,5.0,382.0,159.0,799980003.0,26.0,100465.0,339.0,449679.0,3621.0
