,NUM_STAT,NUM_EXECSTAT,NUM_COND,NUM_EXECCOND,NUM_MODULO,NUM_EXECMODULO,NUM_MULT,NUM_EXECMULT,NUM_DIV,NUM_EXECDIV,NUM_INVOKE,NUM_EXECINVOKE,COUNT
count,1493.0,1493.0,1493.0,1493.0,1493.0,1493.0,1493.0,1493.0,1493.0,1493.0,1493.0,1493.0,1493.0
mean,1552.7983924983255,11512647.340924313,108.80576021433356,8969802.281312793,0.9511051574012056,6422.026791694575,35.64501004688547,3216130.4715338247,7.751507032819826,23660.024782317483,114.63295378432686,5309373.23241795,477.52980576021434
std,1642.4558767840313,204655097.93623406,121.44235845833899,67657103.03657626,1.9237179631996968,64617.70257032596,42.62018061662967,33635533.40710318,9.113993935806317,242341.37328167813,134.19548997616215,47831893.44833554,7286.097715111837
min,7.0,-1872438544.0,0.0,0.0,0.0,0.0,0.0,0.0,0.0,0.0,1.0,1.0,1.0
25%,405.0,1609.0,25.0,132.0,0.0,0.0,3.0,32.0,1.0,1.0,23.0,57.0,1.0
50%,791.0,12333.0,54.0,1094.0,0.0,0.0,24.0,394.0,4.0,19.0,58.0,169.0,2.0
75%,2256.0,72781.0,142.0,6825.0,0.0,0.0,51.0,1870.0,10.0,159.0,173.0,2530.0,10.0
max,8400.0,1817549558.0,500.0,1388782695.0,7.0,1201036.0,266.0,525145623.0,46.0,8376464.0,708.0,1104586092.0,251610.0
