,NUM_STAT,NUM_EXECSTAT,NUM_COND,NUM_EXECCOND,NUM_MODULO,NUM_EXECMODULO,NUM_MULT,NUM_EXECMULT,NUM_DIV,NUM_EXECDIV,NUM_INVOKE,NUM_EXECINVOKE,COUNT
count,127.0,127.0,127.0,127.0,127.0,127.0,127.0,127.0,127.0,127.0,127.0,127.0,127.0
mean,517.7952755905512,24722.771653543306,31.125984251968504,2302.1102362204724,0.07874015748031496,0.28346456692913385,12.992125984251969,526.9842519685039,2.590551181102362,117.4724409448819,40.724409448818896,2326.417322834646,50.76377952755905
std,697.3028462171814,154781.86004668294,39.584948262993564,14138.70650065136,0.5434501658290827,2.145122328976652,24.78686802314283,2438.0986378741936,4.404821187493117,918.5629375640063,58.527930812257104,20452.74930579577,317.5803724466921
min,4.0,4.0,0.0,0.0,0.0,0.0,0.0,0.0,0.0,0.0,1.0,1.0,1.0
25%,35.5,49.0,2.0,2.5,0.0,0.0,0.0,0.0,0.0,0.0,3.0,3.0,1.0
50%,284.0,567.0,20.0,36.0,0.0,0.0,2.0,4.0,0.0,0.0,19.0,27.0,1.0
75%,690.0,6221.5,46.0,330.0,0.0,0.0,26.0,115.0,4.0,9.0,63.0,237.0,1.0
max,3531.0,1650310.0,255.0,150031.0,5.0,19.0,159.0,20003.0,26.0,10003.0,334.0,230036.0,3434.0
