,NUM_STAT,NUM_EXECSTAT,NUM_COND,NUM_EXECCOND,NUM_MODULO,NUM_EXECMODULO,NUM_MULT,NUM_EXECMULT,NUM_DIV,NUM_EXECDIV,NUM_INVOKE,NUM_EXECINVOKE,COUNT
count,422.0,422.0,422.0,422.0,422.0,422.0,422.0,422.0,422.0,422.0,422.0,422.0,422.0
mean,1585.1587677725117,8533148.023696683,99.92890995260663,12071595.872037916,0.011848341232227487,0.6374407582938388,34.88388625592417,1198792.6611374407,6.225118483412322,17757.943127962084,145.8436018957346,9261823.746445497,20.35781990521327
std,1475.878330509289,180824195.04251215,88.81256608059948,106330721.06533933,0.10833174935750443,9.055847894216226,54.952220888564696,10476746.060749017,9.189947743846096,122287.38646922745,146.5634984980355,82068086.68401076,90.45814991722581
min,9.0,-1401680005.0,0.0,0.0,0.0,0.0,0.0,0.0,0.0,0.0,1.0,1.0,1.0
25%,662.25,1828.25,43.0,199.0,0.0,0.0,2.0,8.0,0.0,0.0,37.25,107.0,1.0
50%,1118.0,7878.0,82.0,505.0,0.0,0.0,8.0,100.0,2.0,8.0,116.0,468.0,1.0
75%,1991.75,64317.0,130.75,6055.25,0.0,0.0,42.0,2216.0,8.0,75.75,183.25,3363.75,2.0
max,6937.0,1534272037.0,500.0,1388782695.0,1.0,181.0,266.0,140284775.0,46.0,1837891.0,707.0,1104586091.0,975.0
